id,path
02-17489-01dddd,./Audio/02-17489-01.mp3
02-13513-01dddd,./Audio/02-13513-01.mp3
01-01255-01dddd,./Audio/01-01255-01.mp3
01-06364-01dddd,./Audio/01-06364-01.mp3
01-01003-01dddd,./Audio/01-01003-01.mp3
02-20297-01dddd,./Audio/02-20297-01.mp3
01-09395-01dddd,./Audio/01-09395-01.mp3
02-18119-01dddd,./Audio/02-18119-01.mp3
01-08414-01dddd,./Audio/01-08414-01.mp3
02-13075-02dddd,./Audio/02-13075-02.mp3
01-04121-03dddd,./Audio/01-04121-03.mp3
01-05917-02dddd,./Audio/01-05917-02.mp3
02-19045-01dddd,./Audio/02-19045-01.mp3
01-06445-01dddd,./Audio/01-06445-01.mp3
01-06307-01dddd,./Audio/01-06307-01.mp3
01-06535-01dddd,./Audio/01-06535-01.mp3
02-17524-01dddd,./Audio/02-17524-01.mp3
01-12161-02dddd,./Audio/01-12161-02.mp3
01-06650-01dddd,./Audio/01-06650-01.mp3
01-06532-03dddd,./Audio/01-06532-03.mp3
01-10976-03dddd,./Audio/01-10976-03.mp3
02-20359-01dddd,./Audio/02-20359-01.mp3
01-05247-02dddd,./Audio/01-05247-02.mp3
01-10103-03dddd,./Audio/01-10103-03.mp3
01-05972-01dddd,./Audio/01-05972-01.mp3
02-13440-01dddd,./Audio/02-13440-01.mp3
01-08420-03dddd,./Audio/01-08420-03.mp3
01-02179-01dddd,./Audio/01-02179-01.mp3
02-12240-02dddd,./Audio/02-12240-02.mp3
02-14137-01dddd,./Audio/02-14137-01.mp3
01-00754-02dddd,./Audio/01-00754-02.mp3
01-00129-02dddd,./Audio/01-00129-02.mp3
01-08886-03dddd,./Audio/01-08886-03.mp3
01-11616-01dddd,./Audio/01-11616-01.mp3
01-11389-01dddd,./Audio/01-11389-01.mp3
02-14188-01dddd,./Audio/02-14188-01.mp3
01-07059-01dddd,./Audio/01-07059-01.mp3
01-05318-01dddd,./Audio/01-05318-01.mp3
02-21135-01dddd,./Audio/02-21135-01.mp3
02-20927-01dddd,./Audio/02-20927-01.mp3
01-09398-01dddd,./Audio/01-09398-01.mp3
01-09311-01dddd,./Audio/01-09311-01.mp3
01-04440-03dddd,./Audio/01-04440-03.mp3
01-04808-01dddd,./Audio/01-04808-01.mp3
01-04825-02dddd,./Audio/01-04825-02.mp3
01-06769-02dddd,./Audio/01-06769-02.mp3
01-11775-01dddd,./Audio/01-11775-01.mp3
01-08268-02dddd,./Audio/01-08268-02.mp3
01-06876-03dddd,./Audio/01-06876-03.mp3
01-09491-02dddd,./Audio/01-09491-02.mp3
02-18845-01dddd,./Audio/02-18845-01.mp3
01-02130-02dddd,./Audio/01-02130-02.mp3
02-19271-01dddd,./Audio/02-19271-01.mp3
02-22743-01dddd,./Audio/02-22743-01.mp3
01-06550-03dddd,./Audio/01-06550-03.mp3
13-00608-02dddd,./Audio/13-00608-02.mp3
02-15402-01dddd,./Audio/02-15402-01.mp3
01-08718-02dddd,./Audio/01-08718-02.mp3
01-03589-02dddd,./Audio/01-03589-02.mp3
01-00606-01dddd,./Audio/01-00606-01.mp3
02-14371-01dddd,./Audio/02-14371-01.mp3
02-17081-01dddd,./Audio/02-17081-01.mp3
01-01696-02dddd,./Audio/01-01696-02.mp3
01-01252-02dddd,./Audio/01-01252-02.mp3
01-04929-01dddd,./Audio/01-04929-01.mp3
02-14755-01dddd,./Audio/02-14755-01.mp3
02-12640-02dddd,./Audio/02-12640-02.mp3
01-08778-01dddd,./Audio/01-08778-01.mp3
01-09311-02dddd,./Audio/01-09311-02.mp3
02-13257-01dddd,./Audio/02-13257-01.mp3
01-12104-02dddd,./Audio/01-12104-02.mp3
01-10642-01dddd,./Audio/01-10642-01.mp3
01-05041-01dddd,./Audio/01-05041-01.mp3
01-03347-03dddd,./Audio/01-03347-03.mp3
02-20481-01dddd,./Audio/02-20481-01.mp3
02-12414-02dddd,./Audio/02-12414-02.mp3
01-09098-02dddd,./Audio/01-09098-02.mp3
01-07667-02dddd,./Audio/01-07667-02.mp3
02-20500-01dddd,./Audio/02-20500-01.mp3
02-12308-01dddd,./Audio/02-12308-01.mp3
02-16610-01dddd,./Audio/02-16610-01.mp3
01-10436-03dddd,./Audio/01-10436-03.mp3
01-03767-02dddd,./Audio/01-03767-02.mp3
02-15686-01dddd,./Audio/02-15686-01.mp3
02-15045-01dddd,./Audio/02-15045-01.mp3
13-00315-03dddd,./Audio/13-00315-03.mp3
01-07450-02dddd,./Audio/01-07450-02.mp3
01-07814-03dddd,./Audio/01-07814-03.mp3
01-04953-03dddd,./Audio/01-04953-03.mp3
02-20803-01dddd,./Audio/02-20803-01.mp3
01-05373-02dddd,./Audio/01-05373-02.mp3
01-06608-03dddd,./Audio/01-06608-03.mp3
01-06254-01dddd,./Audio/01-06254-01.mp3
01-05944-02dddd,./Audio/01-05944-02.mp3
13-00293-05dddd,./Audio/13-00293-05.mp3
02-16919-01dddd,./Audio/02-16919-01.mp3
01-05902-02dddd,./Audio/01-05902-02.mp3
01-10537-03dddd,./Audio/01-10537-03.mp3
01-06591-02dddd,./Audio/01-06591-02.mp3
02-15015-01dddd,./Audio/02-15015-01.mp3
01-04510-02dddd,./Audio/01-04510-02.mp3
01-04780-01dddd,./Audio/01-04780-01.mp3
01-11403-02dddd,./Audio/01-11403-02.mp3
01-02651-02dddd,./Audio/01-02651-02.mp3
01-05169-03dddd,./Audio/01-05169-03.mp3
01-09940-02dddd,./Audio/01-09940-02.mp3
01-09699-02dddd,./Audio/01-09699-02.mp3
01-04397-02dddd,./Audio/01-04397-02.mp3
02-14154-01dddd,./Audio/02-14154-01.mp3
01-06019-03dddd,./Audio/01-06019-03.mp3
02-13734-02dddd,./Audio/02-13734-02.mp3
01-05071-01dddd,./Audio/01-05071-01.mp3
01-07373-03dddd,./Audio/01-07373-03.mp3
01-04024-02dddd,./Audio/01-04024-02.mp3
01-04571-02dddd,./Audio/01-04571-02.mp3
01-04428-03dddd,./Audio/01-04428-03.mp3
01-05094-02dddd,./Audio/01-05094-02.mp3
01-07412-02dddd,./Audio/01-07412-02.mp3
01-10262-03dddd,./Audio/01-10262-03.mp3
01-05263-01dddd,./Audio/01-05263-01.mp3
01-11533-01dddd,./Audio/01-11533-01.mp3
02-19999-01dddd,./Audio/02-19999-01.mp3
02-12479-02dddd,./Audio/02-12479-02.mp3
02-15404-01dddd,./Audio/02-15404-01.mp3
01-00559-01dddd,./Audio/01-00559-01.mp3
01-00871-02dddd,./Audio/01-00871-02.mp3
01-09545-02dddd,./Audio/01-09545-02.mp3
02-18066-01dddd,./Audio/02-18066-01.mp3
02-19398-01dddd,./Audio/02-19398-01.mp3
01-03277-03dddd,./Audio/01-03277-03.mp3
13-00152-01dddd,./Audio/13-00152-01.mp3
01-06541-02dddd,./Audio/01-06541-02.mp3
01-10519-01dddd,./Audio/01-10519-01.mp3
01-10211-03dddd,./Audio/01-10211-03.mp3
02-12881-01dddd,./Audio/02-12881-01.mp3
01-04793-02dddd,./Audio/01-04793-02.mp3
02-13136-01dddd,./Audio/02-13136-01.mp3
01-05842-01dddd,./Audio/01-05842-01.mp3
01-03031-02dddd,./Audio/01-03031-02.mp3
01-01930-02dddd,./Audio/01-01930-02.mp3
01-08758-03dddd,./Audio/01-08758-03.mp3
01-08832-01dddd,./Audio/01-08832-01.mp3
13-00272-06dddd,./Audio/13-00272-06.mp3
01-09125-02dddd,./Audio/01-09125-02.mp3
01-02617-03dddd,./Audio/01-02617-03.mp3
01-03512-02dddd,./Audio/01-03512-02.mp3
01-09796-02dddd,./Audio/01-09796-02.mp3
01-05579-01dddd,./Audio/01-05579-01.mp3
02-21289-01dddd,./Audio/02-21289-01.mp3
01-01227-01dddd,./Audio/01-01227-01.mp3
02-14222-01dddd,./Audio/02-14222-01.mp3
01-01884-02dddd,./Audio/01-01884-02.mp3
02-19533-01dddd,./Audio/02-19533-01.mp3
01-06120-02dddd,./Audio/01-06120-02.mp3
01-01287-02dddd,./Audio/01-01287-02.mp3
01-02700-01dddd,./Audio/01-02700-01.mp3
01-08572-02dddd,./Audio/01-08572-02.mp3
02-13377-02dddd,./Audio/02-13377-02.mp3
01-10641-03dddd,./Audio/01-10641-03.mp3
02-18168-01dddd,./Audio/02-18168-01.mp3
01-03753-01dddd,./Audio/01-03753-01.mp3
02-12751-02dddd,./Audio/02-12751-02.mp3
01-03553-02dddd,./Audio/01-03553-02.mp3
02-13826-01dddd,./Audio/02-13826-01.mp3
01-02685-01dddd,./Audio/01-02685-01.mp3
01-05567-02dddd,./Audio/01-05567-02.mp3
02-12441-02dddd,./Audio/02-12441-02.mp3
01-00869-03dddd,./Audio/01-00869-03.mp3
01-09976-02dddd,./Audio/01-09976-02.mp3
02-13974-01dddd,./Audio/02-13974-01.mp3
01-01922-03dddd,./Audio/01-01922-03.mp3
02-13527-02dddd,./Audio/02-13527-02.mp3
01-04154-02dddd,./Audio/01-04154-02.mp3
02-18745-01dddd,./Audio/02-18745-01.mp3
02-20276-01dddd,./Audio/02-20276-01.mp3
01-05158-01dddd,./Audio/01-05158-01.mp3
01-04195-02dddd,./Audio/01-04195-02.mp3
01-04216-02dddd,./Audio/01-04216-02.mp3
01-08538-01dddd,./Audio/01-08538-01.mp3
02-21179-01dddd,./Audio/02-21179-01.mp3
02-18014-01dddd,./Audio/02-18014-01.mp3
01-06967-02dddd,./Audio/01-06967-02.mp3
01-07119-03dddd,./Audio/01-07119-03.mp3
01-06049-02dddd,./Audio/01-06049-02.mp3
01-07356-02dddd,./Audio/01-07356-02.mp3
02-17546-01dddd,./Audio/02-17546-01.mp3
01-06875-02dddd,./Audio/01-06875-02.mp3
01-06734-01dddd,./Audio/01-06734-01.mp3
01-11602-02dddd,./Audio/01-11602-02.mp3
01-00576-01dddd,./Audio/01-00576-01.mp3
02-17496-01dddd,./Audio/02-17496-01.mp3
01-02080-03dddd,./Audio/01-02080-03.mp3
02-19554-01dddd,./Audio/02-19554-01.mp3
13-00649-03dddd,./Audio/13-00649-03.mp3
01-11373-03dddd,./Audio/01-11373-03.mp3
01-11502-03dddd,./Audio/01-11502-03.mp3
01-00281-01dddd,./Audio/01-00281-01.mp3
01-02160-01dddd,./Audio/01-02160-01.mp3
02-12290-02dddd,./Audio/02-12290-02.mp3
01-05076-01dddd,./Audio/01-05076-01.mp3
01-10463-02dddd,./Audio/01-10463-02.mp3
02-15342-01dddd,./Audio/02-15342-01.mp3
01-10416-01dddd,./Audio/01-10416-01.mp3
02-17740-01dddd,./Audio/02-17740-01.mp3
02-12585-01dddd,./Audio/02-12585-01.mp3
02-17400-01dddd,./Audio/02-17400-01.mp3
01-03267-01dddd,./Audio/01-03267-01.mp3
01-08224-02dddd,./Audio/01-08224-02.mp3
02-20058-01dddd,./Audio/02-20058-01.mp3
01-07887-03dddd,./Audio/01-07887-03.mp3
02-16054-01dddd,./Audio/02-16054-01.mp3
02-12641-02dddd,./Audio/02-12641-02.mp3
01-06864-02dddd,./Audio/01-06864-02.mp3
02-14202-01dddd,./Audio/02-14202-01.mp3
02-14362-01dddd,./Audio/02-14362-01.mp3
01-04137-02dddd,./Audio/01-04137-02.mp3
01-08598-02dddd,./Audio/01-08598-02.mp3
01-10264-03dddd,./Audio/01-10264-03.mp3
01-07548-01dddd,./Audio/01-07548-01.mp3
01-07199-02dddd,./Audio/01-07199-02.mp3
02-13069-01dddd,./Audio/02-13069-01.mp3
01-07513-02dddd,./Audio/01-07513-02.mp3
02-20406-01dddd,./Audio/02-20406-01.mp3
01-08582-01dddd,./Audio/01-08582-01.mp3
01-08638-03dddd,./Audio/01-08638-03.mp3
02-19008-01dddd,./Audio/02-19008-01.mp3
01-08534-01dddd,./Audio/01-08534-01.mp3
02-16526-01dddd,./Audio/02-16526-01.mp3
01-07825-03dddd,./Audio/01-07825-03.mp3
02-16277-01dddd,./Audio/02-16277-01.mp3
01-05852-03dddd,./Audio/01-05852-03.mp3
01-06296-01dddd,./Audio/01-06296-01.mp3
01-07868-03dddd,./Audio/01-07868-03.mp3
01-06204-03dddd,./Audio/01-06204-03.mp3
01-02279-03dddd,./Audio/01-02279-03.mp3
01-11030-01dddd,./Audio/01-11030-01.mp3
02-16456-01dddd,./Audio/02-16456-01.mp3
01-05758-03dddd,./Audio/01-05758-03.mp3
01-07995-03dddd,./Audio/01-07995-03.mp3
02-22322-01dddd,./Audio/02-22322-01.mp3
01-10115-02dddd,./Audio/01-10115-02.mp3
02-13378-02dddd,./Audio/02-13378-02.mp3
02-19443-01dddd,./Audio/02-19443-01.mp3
01-05197-01dddd,./Audio/01-05197-01.mp3
01-08407-02dddd,./Audio/01-08407-02.mp3
02-22228-01dddd,./Audio/02-22228-01.mp3
01-03048-01dddd,./Audio/01-03048-01.mp3
01-03685-02dddd,./Audio/01-03685-02.mp3
02-13955-01dddd,./Audio/02-13955-01.mp3
01-00097-03dddd,./Audio/01-00097-03.mp3
02-21222-01dddd,./Audio/02-21222-01.mp3
02-12449-02dddd,./Audio/02-12449-02.mp3
02-17601-01dddd,./Audio/02-17601-01.mp3
01-08374-03dddd,./Audio/01-08374-03.mp3
01-11550-03dddd,./Audio/01-11550-03.mp3
02-18937-01dddd,./Audio/02-18937-01.mp3
01-04407-01dddd,./Audio/01-04407-01.mp3
02-13559-01dddd,./Audio/02-13559-01.mp3
02-17956-01dddd,./Audio/02-17956-01.mp3
02-13573-01dddd,./Audio/02-13573-01.mp3
01-11664-01dddd,./Audio/01-11664-01.mp3
01-06926-01dddd,./Audio/01-06926-01.mp3
01-05793-01dddd,./Audio/01-05793-01.mp3
01-03829-03dddd,./Audio/01-03829-03.mp3
01-09530-02dddd,./Audio/01-09530-02.mp3
01-12224-01dddd,./Audio/01-12224-01.mp3
01-05555-02dddd,./Audio/01-05555-02.mp3
02-13634-02dddd,./Audio/02-13634-02.mp3
01-06529-02dddd,./Audio/01-06529-02.mp3
01-00071-02dddd,./Audio/01-00071-02.mp3
02-15505-01dddd,./Audio/02-15505-01.mp3
02-20957-01dddd,./Audio/02-20957-01.mp3
01-03448-02dddd,./Audio/01-03448-02.mp3
01-03519-03dddd,./Audio/01-03519-03.mp3
01-02783-03dddd,./Audio/01-02783-03.mp3
02-18589-01dddd,./Audio/02-18589-01.mp3
01-06822-03dddd,./Audio/01-06822-03.mp3
02-20288-01dddd,./Audio/02-20288-01.mp3
01-07826-03dddd,./Audio/01-07826-03.mp3
01-11501-03dddd,./Audio/01-11501-03.mp3
02-15237-01dddd,./Audio/02-15237-01.mp3
01-02855-03dddd,./Audio/01-02855-03.mp3
01-10551-01dddd,./Audio/01-10551-01.mp3
01-08500-01dddd,./Audio/01-08500-01.mp3
01-01423-01dddd,./Audio/01-01423-01.mp3
02-13701-02dddd,./Audio/02-13701-02.mp3
01-06328-01dddd,./Audio/01-06328-01.mp3
01-07464-01dddd,./Audio/01-07464-01.mp3
02-13769-02dddd,./Audio/02-13769-02.mp3
01-04925-03dddd,./Audio/01-04925-03.mp3
01-06911-03dddd,./Audio/01-06911-03.mp3
01-07252-02dddd,./Audio/01-07252-02.mp3
01-06620-03dddd,./Audio/01-06620-03.mp3
01-10003-03dddd,./Audio/01-10003-03.mp3
02-21579-01dddd,./Audio/02-21579-01.mp3
02-21998-01dddd,./Audio/02-21998-01.mp3
02-19814-01dddd,./Audio/02-19814-01.mp3
02-20583-01dddd,./Audio/02-20583-01.mp3
01-05852-01dddd,./Audio/01-05852-01.mp3
02-16176-01dddd,./Audio/02-16176-01.mp3
01-08274-02dddd,./Audio/01-08274-02.mp3
01-12047-02dddd,./Audio/01-12047-02.mp3
01-06401-03dddd,./Audio/01-06401-03.mp3
01-04411-03dddd,./Audio/01-04411-03.mp3
01-07475-01dddd,./Audio/01-07475-01.mp3
13-00314-01dddd,./Audio/13-00314-01.mp3
01-01458-01dddd,./Audio/01-01458-01.mp3
02-13728-02dddd,./Audio/02-13728-02.mp3
01-00004-02dddd,./Audio/01-00004-02.mp3
02-12650-01dddd,./Audio/02-12650-01.mp3
01-11195-01dddd,./Audio/01-11195-01.mp3
01-01028-01dddd,./Audio/01-01028-01.mp3
02-20046-01dddd,./Audio/02-20046-01.mp3
13-00315-05dddd,./Audio/13-00315-05.mp3
02-18570-01dddd,./Audio/02-18570-01.mp3
01-02099-01dddd,./Audio/01-02099-01.mp3
01-07691-01dddd,./Audio/01-07691-01.mp3
02-13558-01dddd,./Audio/02-13558-01.mp3
01-00144-03dddd,./Audio/01-00144-03.mp3
01-00313-03dddd,./Audio/01-00313-03.mp3
01-01783-02dddd,./Audio/01-01783-02.mp3
02-16097-01dddd,./Audio/02-16097-01.mp3
01-00685-03dddd,./Audio/01-00685-03.mp3
01-00093-01dddd,./Audio/01-00093-01.mp3
02-21859-01dddd,./Audio/02-21859-01.mp3
01-06866-03dddd,./Audio/01-06866-03.mp3
02-13373-01dddd,./Audio/02-13373-01.mp3
01-03535-01dddd,./Audio/01-03535-01.mp3
02-13913-01dddd,./Audio/02-13913-01.mp3
02-15826-01dddd,./Audio/02-15826-01.mp3
01-06706-01dddd,./Audio/01-06706-01.mp3
01-04991-01dddd,./Audio/01-04991-01.mp3
01-10250-01dddd,./Audio/01-10250-01.mp3
01-09389-01dddd,./Audio/01-09389-01.mp3
01-08572-03dddd,./Audio/01-08572-03.mp3
02-12926-02dddd,./Audio/02-12926-02.mp3
02-12289-02dddd,./Audio/02-12289-02.mp3
01-11496-02dddd,./Audio/01-11496-02.mp3
01-06562-02dddd,./Audio/01-06562-02.mp3
01-01363-02dddd,./Audio/01-01363-02.mp3
01-04332-03dddd,./Audio/01-04332-03.mp3
01-02125-02dddd,./Audio/01-02125-02.mp3
02-20286-01dddd,./Audio/02-20286-01.mp3
02-18860-01dddd,./Audio/02-18860-01.mp3
01-08217-02dddd,./Audio/01-08217-02.mp3
01-10299-01dddd,./Audio/01-10299-01.mp3
01-05332-03dddd,./Audio/01-05332-03.mp3
01-10593-01dddd,./Audio/01-10593-01.mp3
01-04741-02dddd,./Audio/01-04741-02.mp3
01-03128-03dddd,./Audio/01-03128-03.mp3
01-02406-01dddd,./Audio/01-02406-01.mp3
01-11693-02dddd,./Audio/01-11693-02.mp3
01-03486-01dddd,./Audio/01-03486-01.mp3
02-13097-02dddd,./Audio/02-13097-02.mp3
01-05998-01dddd,./Audio/01-05998-01.mp3
01-03465-02dddd,./Audio/01-03465-02.mp3
01-12193-01dddd,./Audio/01-12193-01.mp3
01-02539-01dddd,./Audio/01-02539-01.mp3
02-16943-01dddd,./Audio/02-16943-01.mp3
01-04690-02dddd,./Audio/01-04690-02.mp3
13-00655-01dddd,./Audio/13-00655-01.mp3
01-06499-02dddd,./Audio/01-06499-02.mp3
01-10039-03dddd,./Audio/01-10039-03.mp3
01-10739-01dddd,./Audio/01-10739-01.mp3
01-06450-01dddd,./Audio/01-06450-01.mp3
01-06794-03dddd,./Audio/01-06794-03.mp3
01-07865-01dddd,./Audio/01-07865-01.mp3
02-14428-01dddd,./Audio/02-14428-01.mp3
02-13692-02dddd,./Audio/02-13692-02.mp3
01-07312-01dddd,./Audio/01-07312-01.mp3
02-19291-01dddd,./Audio/02-19291-01.mp3
01-09956-02dddd,./Audio/01-09956-02.mp3
01-10820-02dddd,./Audio/01-10820-02.mp3
01-10036-03dddd,./Audio/01-10036-03.mp3
02-21091-01dddd,./Audio/02-21091-01.mp3
01-02781-01dddd,./Audio/01-02781-01.mp3
01-00639-03dddd,./Audio/01-00639-03.mp3
01-03881-01dddd,./Audio/01-03881-01.mp3
01-03989-03dddd,./Audio/01-03989-03.mp3
02-22310-01dddd,./Audio/02-22310-01.mp3
01-11537-01dddd,./Audio/01-11537-01.mp3
01-06216-02dddd,./Audio/01-06216-02.mp3
02-12720-01dddd,./Audio/02-12720-01.mp3
02-13499-02dddd,./Audio/02-13499-02.mp3
01-09229-01dddd,./Audio/01-09229-01.mp3
02-12399-02dddd,./Audio/02-12399-02.mp3
01-04868-02dddd,./Audio/01-04868-02.mp3
13-00150-03dddd,./Audio/13-00150-03.mp3
01-10801-02dddd,./Audio/01-10801-02.mp3
02-18353-01dddd,./Audio/02-18353-01.mp3
02-22969-01dddd,./Audio/02-22969-01.mp3
01-08962-02dddd,./Audio/01-08962-02.mp3
02-12613-02dddd,./Audio/02-12613-02.mp3
01-01880-03dddd,./Audio/01-01880-03.mp3
01-00121-02dddd,./Audio/01-00121-02.mp3
02-17264-01dddd,./Audio/02-17264-01.mp3
01-00760-03dddd,./Audio/01-00760-03.mp3
02-13995-01dddd,./Audio/02-13995-01.mp3
02-12877-02dddd,./Audio/02-12877-02.mp3
02-14654-01dddd,./Audio/02-14654-01.mp3
01-02287-01dddd,./Audio/01-02287-01.mp3
02-18322-01dddd,./Audio/02-18322-01.mp3
02-12963-01dddd,./Audio/02-12963-01.mp3
01-00078-01dddd,./Audio/01-00078-01.mp3
02-17099-01dddd,./Audio/02-17099-01.mp3
01-07978-02dddd,./Audio/01-07978-02.mp3
01-01998-03dddd,./Audio/01-01998-03.mp3
01-11943-02dddd,./Audio/01-11943-02.mp3
02-13068-01dddd,./Audio/02-13068-01.mp3
01-10009-02dddd,./Audio/01-10009-02.mp3
02-15013-01dddd,./Audio/02-15013-01.mp3
01-06017-03dddd,./Audio/01-06017-03.mp3
01-04071-01dddd,./Audio/01-04071-01.mp3
01-10506-02dddd,./Audio/01-10506-02.mp3
01-07314-03dddd,./Audio/01-07314-03.mp3
02-14830-01dddd,./Audio/02-14830-01.mp3
01-07445-02dddd,./Audio/01-07445-02.mp3
02-16027-01dddd,./Audio/02-16027-01.mp3
02-19886-01dddd,./Audio/02-19886-01.mp3
02-18403-01dddd,./Audio/02-18403-01.mp3
01-08400-01dddd,./Audio/01-08400-01.mp3
01-04318-01dddd,./Audio/01-04318-01.mp3
01-06084-03dddd,./Audio/01-06084-03.mp3
01-10107-01dddd,./Audio/01-10107-01.mp3
01-07217-01dddd,./Audio/01-07217-01.mp3
01-08969-01dddd,./Audio/01-08969-01.mp3
01-08875-02dddd,./Audio/01-08875-02.mp3
02-13557-02dddd,./Audio/02-13557-02.mp3
01-05431-03dddd,./Audio/01-05431-03.mp3
01-08776-01dddd,./Audio/01-08776-01.mp3
01-05514-03dddd,./Audio/01-05514-03.mp3
01-07629-02dddd,./Audio/01-07629-02.mp3
13-00238-02dddd,./Audio/13-00238-02.mp3
01-02979-01dddd,./Audio/01-02979-01.mp3
02-15504-01dddd,./Audio/02-15504-01.mp3
01-02735-03dddd,./Audio/01-02735-03.mp3
01-03179-03dddd,./Audio/01-03179-03.mp3
01-11188-02dddd,./Audio/01-11188-02.mp3
01-05524-03dddd,./Audio/01-05524-03.mp3
01-03411-03dddd,./Audio/01-03411-03.mp3
01-06127-03dddd,./Audio/01-06127-03.mp3
01-05945-02dddd,./Audio/01-05945-02.mp3
01-00008-03dddd,./Audio/01-00008-03.mp3
01-08042-01dddd,./Audio/01-08042-01.mp3
01-10142-01dddd,./Audio/01-10142-01.mp3
02-15188-01dddd,./Audio/02-15188-01.mp3
01-02717-01dddd,./Audio/01-02717-01.mp3
01-12073-01dddd,./Audio/01-12073-01.mp3
01-01568-03dddd,./Audio/01-01568-03.mp3
01-04169-01dddd,./Audio/01-04169-01.mp3
01-02549-01dddd,./Audio/01-02549-01.mp3
02-13583-01dddd,./Audio/02-13583-01.mp3
01-08352-02dddd,./Audio/01-08352-02.mp3
01-00759-03dddd,./Audio/01-00759-03.mp3
01-06356-02dddd,./Audio/01-06356-02.mp3
01-02475-02dddd,./Audio/01-02475-02.mp3
01-08930-02dddd,./Audio/01-08930-02.mp3
01-12128-02dddd,./Audio/01-12128-02.mp3
01-07059-03dddd,./Audio/01-07059-03.mp3
01-02585-02dddd,./Audio/01-02585-02.mp3
01-11163-03dddd,./Audio/01-11163-03.mp3
01-07435-02dddd,./Audio/01-07435-02.mp3
01-06101-01dddd,./Audio/01-06101-01.mp3
01-06421-03dddd,./Audio/01-06421-03.mp3
01-09671-01dddd,./Audio/01-09671-01.mp3
01-07562-01dddd,./Audio/01-07562-01.mp3
01-11618-03dddd,./Audio/01-11618-03.mp3
01-11569-02dddd,./Audio/01-11569-02.mp3
01-06564-03dddd,./Audio/01-06564-03.mp3
01-11842-02dddd,./Audio/01-11842-02.mp3
01-04031-02dddd,./Audio/01-04031-02.mp3
01-03209-03dddd,./Audio/01-03209-03.mp3
01-06361-01dddd,./Audio/01-06361-01.mp3
01-03090-02dddd,./Audio/01-03090-02.mp3
01-07163-01dddd,./Audio/01-07163-01.mp3
01-11055-03dddd,./Audio/01-11055-03.mp3
01-03289-03dddd,./Audio/01-03289-03.mp3
02-21359-01dddd,./Audio/02-21359-01.mp3
01-01990-01dddd,./Audio/01-01990-01.mp3
01-06461-03dddd,./Audio/01-06461-03.mp3
02-13887-01dddd,./Audio/02-13887-01.mp3
01-02482-01dddd,./Audio/01-02482-01.mp3
01-06730-01dddd,./Audio/01-06730-01.mp3
01-09278-01dddd,./Audio/01-09278-01.mp3
02-13426-02dddd,./Audio/02-13426-02.mp3
01-09847-01dddd,./Audio/01-09847-01.mp3
01-08107-02dddd,./Audio/01-08107-02.mp3
01-07043-02dddd,./Audio/01-07043-02.mp3
01-10090-03dddd,./Audio/01-10090-03.mp3
01-04104-03dddd,./Audio/01-04104-03.mp3
01-09262-01dddd,./Audio/01-09262-01.mp3
01-08602-02dddd,./Audio/01-08602-02.mp3
01-09492-02dddd,./Audio/01-09492-02.mp3
01-02334-02dddd,./Audio/01-02334-02.mp3
01-07484-01dddd,./Audio/01-07484-01.mp3
13-00631-03dddd,./Audio/13-00631-03.mp3
01-03501-01dddd,./Audio/01-03501-01.mp3
02-18651-01dddd,./Audio/02-18651-01.mp3
01-10431-01dddd,./Audio/01-10431-01.mp3
01-06499-01dddd,./Audio/01-06499-01.mp3
02-14351-01dddd,./Audio/02-14351-01.mp3
02-12916-02dddd,./Audio/02-12916-02.mp3
01-11670-01dddd,./Audio/01-11670-01.mp3
01-09863-03dddd,./Audio/01-09863-03.mp3
01-08739-02dddd,./Audio/01-08739-02.mp3
01-04208-01dddd,./Audio/01-04208-01.mp3
01-03740-01dddd,./Audio/01-03740-01.mp3
02-13972-01dddd,./Audio/02-13972-01.mp3
01-04797-01dddd,./Audio/01-04797-01.mp3
01-08232-01dddd,./Audio/01-08232-01.mp3
01-05617-03dddd,./Audio/01-05617-03.mp3
02-22739-01dddd,./Audio/02-22739-01.mp3
01-06294-02dddd,./Audio/01-06294-02.mp3
01-04804-03dddd,./Audio/01-04804-03.mp3
01-07607-02dddd,./Audio/01-07607-02.mp3
01-07183-02dddd,./Audio/01-07183-02.mp3
01-02956-01dddd,./Audio/01-02956-01.mp3
02-15655-01dddd,./Audio/02-15655-01.mp3
01-07315-02dddd,./Audio/01-07315-02.mp3
01-05290-03dddd,./Audio/01-05290-03.mp3
01-00131-03dddd,./Audio/01-00131-03.mp3
01-05231-02dddd,./Audio/01-05231-02.mp3
02-16304-01dddd,./Audio/02-16304-01.mp3
01-07646-02dddd,./Audio/01-07646-02.mp3
02-14974-01dddd,./Audio/02-14974-01.mp3
02-18916-01dddd,./Audio/02-18916-01.mp3
01-04405-03dddd,./Audio/01-04405-03.mp3
01-07535-03dddd,./Audio/01-07535-03.mp3
02-22834-01dddd,./Audio/02-22834-01.mp3
02-12566-02dddd,./Audio/02-12566-02.mp3
01-01810-01dddd,./Audio/01-01810-01.mp3
01-01029-02dddd,./Audio/01-01029-02.mp3
02-12258-02dddd,./Audio/02-12258-02.mp3
01-02246-02dddd,./Audio/01-02246-02.mp3
01-08600-03dddd,./Audio/01-08600-03.mp3
13-00265-02dddd,./Audio/13-00265-02.mp3
01-05178-03dddd,./Audio/01-05178-03.mp3
01-06524-03dddd,./Audio/01-06524-03.mp3
02-21465-01dddd,./Audio/02-21465-01.mp3
02-13130-02dddd,./Audio/02-13130-02.mp3
01-04574-03dddd,./Audio/01-04574-03.mp3
02-16847-01dddd,./Audio/02-16847-01.mp3
01-02834-03dddd,./Audio/01-02834-03.mp3
01-02324-01dddd,./Audio/01-02324-01.mp3
02-19238-01dddd,./Audio/02-19238-01.mp3
01-10982-01dddd,./Audio/01-10982-01.mp3
01-01217-02dddd,./Audio/01-01217-02.mp3
01-11134-02dddd,./Audio/01-11134-02.mp3
01-08017-03dddd,./Audio/01-08017-03.mp3
01-05223-01dddd,./Audio/01-05223-01.mp3
01-10805-03dddd,./Audio/01-10805-03.mp3
01-03018-03dddd,./Audio/01-03018-03.mp3
02-13479-01dddd,./Audio/02-13479-01.mp3
01-00960-03dddd,./Audio/01-00960-03.mp3
01-12107-01dddd,./Audio/01-12107-01.mp3
02-16216-01dddd,./Audio/02-16216-01.mp3
01-07821-02dddd,./Audio/01-07821-02.mp3
02-15827-01dddd,./Audio/02-15827-01.mp3
01-05284-03dddd,./Audio/01-05284-03.mp3
01-10029-02dddd,./Audio/01-10029-02.mp3
02-18650-01dddd,./Audio/02-18650-01.mp3
01-04714-02dddd,./Audio/01-04714-02.mp3
01-03944-02dddd,./Audio/01-03944-02.mp3
01-02007-03dddd,./Audio/01-02007-03.mp3
02-18450-01dddd,./Audio/02-18450-01.mp3
01-02106-02dddd,./Audio/01-02106-02.mp3
01-08599-02dddd,./Audio/01-08599-02.mp3
02-12779-01dddd,./Audio/02-12779-01.mp3
01-12042-01dddd,./Audio/01-12042-01.mp3
01-09357-02dddd,./Audio/01-09357-02.mp3
01-02135-03dddd,./Audio/01-02135-03.mp3
01-06865-02dddd,./Audio/01-06865-02.mp3
02-17411-01dddd,./Audio/02-17411-01.mp3
01-04095-02dddd,./Audio/01-04095-02.mp3
01-11375-03dddd,./Audio/01-11375-03.mp3
13-00355-03dddd,./Audio/13-00355-03.mp3
01-00946-01dddd,./Audio/01-00946-01.mp3
02-16538-01dddd,./Audio/02-16538-01.mp3
01-08036-02dddd,./Audio/01-08036-02.mp3
01-00703-03dddd,./Audio/01-00703-03.mp3
02-12534-02dddd,./Audio/02-12534-02.mp3
01-06081-03dddd,./Audio/01-06081-03.mp3
01-11190-02dddd,./Audio/01-11190-02.mp3
01-01025-03dddd,./Audio/01-01025-03.mp3
01-07331-02dddd,./Audio/01-07331-02.mp3
01-04050-03dddd,./Audio/01-04050-03.mp3
01-03747-03dddd,./Audio/01-03747-03.mp3
02-15770-01dddd,./Audio/02-15770-01.mp3
01-08276-01dddd,./Audio/01-08276-01.mp3
01-05117-01dddd,./Audio/01-05117-01.mp3
01-09350-01dddd,./Audio/01-09350-01.mp3
02-19567-01dddd,./Audio/02-19567-01.mp3
01-06369-03dddd,./Audio/01-06369-03.mp3
01-10037-03dddd,./Audio/01-10037-03.mp3
02-12778-01dddd,./Audio/02-12778-01.mp3
01-07342-02dddd,./Audio/01-07342-02.mp3
01-00666-01dddd,./Audio/01-00666-01.mp3
01-07823-03dddd,./Audio/01-07823-03.mp3
01-06733-01dddd,./Audio/01-06733-01.mp3
01-07839-02dddd,./Audio/01-07839-02.mp3
01-00622-03dddd,./Audio/01-00622-03.mp3
01-08722-03dddd,./Audio/01-08722-03.mp3
02-12374-01dddd,./Audio/02-12374-01.mp3
01-11027-03dddd,./Audio/01-11027-03.mp3
01-00031-03dddd,./Audio/01-00031-03.mp3
02-13897-01dddd,./Audio/02-13897-01.mp3
02-18751-01dddd,./Audio/02-18751-01.mp3
01-07698-02dddd,./Audio/01-07698-02.mp3
02-16342-01dddd,./Audio/02-16342-01.mp3
01-10651-02dddd,./Audio/01-10651-02.mp3
01-08615-02dddd,./Audio/01-08615-02.mp3
01-12018-02dddd,./Audio/01-12018-02.mp3
02-15501-01dddd,./Audio/02-15501-01.mp3
01-04539-01dddd,./Audio/01-04539-01.mp3
02-18033-01dddd,./Audio/02-18033-01.mp3
02-19405-01dddd,./Audio/02-19405-01.mp3
13-00302-03dddd,./Audio/13-00302-03.mp3
01-11424-02dddd,./Audio/01-11424-02.mp3
02-12661-01dddd,./Audio/02-12661-01.mp3
01-10146-03dddd,./Audio/01-10146-03.mp3
01-10457-02dddd,./Audio/01-10457-02.mp3
01-01639-03dddd,./Audio/01-01639-03.mp3
01-04575-03dddd,./Audio/01-04575-03.mp3
01-04975-03dddd,./Audio/01-04975-03.mp3
01-10385-01dddd,./Audio/01-10385-01.mp3
02-19288-01dddd,./Audio/02-19288-01.mp3
01-10135-03dddd,./Audio/01-10135-03.mp3
01-03109-03dddd,./Audio/01-03109-03.mp3
01-10319-01dddd,./Audio/01-10319-01.mp3
01-09307-02dddd,./Audio/01-09307-02.mp3
01-08651-02dddd,./Audio/01-08651-02.mp3
01-06986-01dddd,./Audio/01-06986-01.mp3
02-19124-01dddd,./Audio/02-19124-01.mp3
02-17148-01dddd,./Audio/02-17148-01.mp3
13-00265-03dddd,./Audio/13-00265-03.mp3
01-07594-02dddd,./Audio/01-07594-02.mp3
13-00367-01dddd,./Audio/13-00367-01.mp3
02-16903-01dddd,./Audio/02-16903-01.mp3
01-03791-01dddd,./Audio/01-03791-01.mp3
01-10805-01dddd,./Audio/01-10805-01.mp3
02-12935-01dddd,./Audio/02-12935-01.mp3
01-07396-02dddd,./Audio/01-07396-02.mp3
01-09868-01dddd,./Audio/01-09868-01.mp3
02-14606-01dddd,./Audio/02-14606-01.mp3
01-11659-03dddd,./Audio/01-11659-03.mp3
01-06596-02dddd,./Audio/01-06596-02.mp3
02-12587-02dddd,./Audio/02-12587-02.mp3
02-16446-01dddd,./Audio/02-16446-01.mp3
01-06169-02dddd,./Audio/01-06169-02.mp3
13-00670-02dddd,./Audio/13-00670-02.mp3
02-14905-01dddd,./Audio/02-14905-01.mp3
01-08453-01dddd,./Audio/01-08453-01.mp3
01-01738-02dddd,./Audio/01-01738-02.mp3
01-02225-01dddd,./Audio/01-02225-01.mp3
01-04320-03dddd,./Audio/01-04320-03.mp3
02-20174-01dddd,./Audio/02-20174-01.mp3
01-08679-03dddd,./Audio/01-08679-03.mp3
02-17733-01dddd,./Audio/02-17733-01.mp3
01-04700-03dddd,./Audio/01-04700-03.mp3
13-00368-04dddd,./Audio/13-00368-04.mp3
01-00305-02dddd,./Audio/01-00305-02.mp3
13-00135-05dddd,./Audio/13-00135-05.mp3
01-04465-03dddd,./Audio/01-04465-03.mp3
02-16569-01dddd,./Audio/02-16569-01.mp3
02-14175-01dddd,./Audio/02-14175-01.mp3
02-14283-01dddd,./Audio/02-14283-01.mp3
01-07423-01dddd,./Audio/01-07423-01.mp3
01-06569-01dddd,./Audio/01-06569-01.mp3
01-04975-02dddd,./Audio/01-04975-02.mp3
01-12225-02dddd,./Audio/01-12225-02.mp3
02-17851-01dddd,./Audio/02-17851-01.mp3
01-07382-01dddd,./Audio/01-07382-01.mp3
02-13866-01dddd,./Audio/02-13866-01.mp3
02-16039-01dddd,./Audio/02-16039-01.mp3
02-20467-01dddd,./Audio/02-20467-01.mp3
01-06719-02dddd,./Audio/01-06719-02.mp3
13-00553-01dddd,./Audio/13-00553-01.mp3
01-08245-03dddd,./Audio/01-08245-03.mp3
01-10494-02dddd,./Audio/01-10494-02.mp3
01-01602-01dddd,./Audio/01-01602-01.mp3
01-11388-03dddd,./Audio/01-11388-03.mp3
01-11009-02dddd,./Audio/01-11009-02.mp3
01-04927-02dddd,./Audio/01-04927-02.mp3
02-17569-01dddd,./Audio/02-17569-01.mp3
01-07090-01dddd,./Audio/01-07090-01.mp3
01-01017-02dddd,./Audio/01-01017-02.mp3
01-01042-02dddd,./Audio/01-01042-02.mp3
01-02925-01dddd,./Audio/01-02925-01.mp3
01-03748-01dddd,./Audio/01-03748-01.mp3
13-00245-05dddd,./Audio/13-00245-05.mp3
01-02028-02dddd,./Audio/01-02028-02.mp3
01-07455-01dddd,./Audio/01-07455-01.mp3
01-05699-02dddd,./Audio/01-05699-02.mp3
02-12733-02dddd,./Audio/02-12733-02.mp3
01-04109-01dddd,./Audio/01-04109-01.mp3
01-11742-01dddd,./Audio/01-11742-01.mp3
01-01557-01dddd,./Audio/01-01557-01.mp3
01-00768-01dddd,./Audio/01-00768-01.mp3
02-17266-01dddd,./Audio/02-17266-01.mp3
01-03076-02dddd,./Audio/01-03076-02.mp3
02-19680-01dddd,./Audio/02-19680-01.mp3
01-10685-03dddd,./Audio/01-10685-03.mp3
02-13660-01dddd,./Audio/02-13660-01.mp3
01-10748-01dddd,./Audio/01-10748-01.mp3
02-12299-02dddd,./Audio/02-12299-02.mp3
01-10747-03dddd,./Audio/01-10747-03.mp3
01-03999-01dddd,./Audio/01-03999-01.mp3
01-02346-01dddd,./Audio/01-02346-01.mp3
01-12218-01dddd,./Audio/01-12218-01.mp3
01-03123-03dddd,./Audio/01-03123-03.mp3
02-16925-01dddd,./Audio/02-16925-01.mp3
01-12002-02dddd,./Audio/01-12002-02.mp3
01-00119-02dddd,./Audio/01-00119-02.mp3
01-08678-01dddd,./Audio/01-08678-01.mp3
02-13236-01dddd,./Audio/02-13236-01.mp3
02-13253-02dddd,./Audio/02-13253-02.mp3
01-11500-02dddd,./Audio/01-11500-02.mp3
02-12608-01dddd,./Audio/02-12608-01.mp3
01-10938-03dddd,./Audio/01-10938-03.mp3
01-03050-02dddd,./Audio/01-03050-02.mp3
01-05986-02dddd,./Audio/01-05986-02.mp3
01-10863-01dddd,./Audio/01-10863-01.mp3
01-11178-03dddd,./Audio/01-11178-03.mp3
01-02886-02dddd,./Audio/01-02886-02.mp3
01-02724-03dddd,./Audio/01-02724-03.mp3
01-04756-03dddd,./Audio/01-04756-03.mp3
01-02946-01dddd,./Audio/01-02946-01.mp3
01-01022-03dddd,./Audio/01-01022-03.mp3
13-00373-04dddd,./Audio/13-00373-04.mp3
01-10198-03dddd,./Audio/01-10198-03.mp3
01-04398-02dddd,./Audio/01-04398-02.mp3
01-01568-01dddd,./Audio/01-01568-01.mp3
01-02981-02dddd,./Audio/01-02981-02.mp3
02-17207-01dddd,./Audio/02-17207-01.mp3
02-13890-01dddd,./Audio/02-13890-01.mp3
02-20177-01dddd,./Audio/02-20177-01.mp3
01-03180-02dddd,./Audio/01-03180-02.mp3
01-08821-02dddd,./Audio/01-08821-02.mp3
01-03144-02dddd,./Audio/01-03144-02.mp3
01-10852-03dddd,./Audio/01-10852-03.mp3
01-00616-03dddd,./Audio/01-00616-03.mp3
01-10480-03dddd,./Audio/01-10480-03.mp3
01-00638-03dddd,./Audio/01-00638-03.mp3
02-13147-01dddd,./Audio/02-13147-01.mp3
01-09554-02dddd,./Audio/01-09554-02.mp3
02-20013-01dddd,./Audio/02-20013-01.mp3
01-08477-03dddd,./Audio/01-08477-03.mp3
01-07205-01dddd,./Audio/01-07205-01.mp3
13-00232-05dddd,./Audio/13-00232-05.mp3
01-00159-01dddd,./Audio/01-00159-01.mp3
02-19996-01dddd,./Audio/02-19996-01.mp3
01-01903-02dddd,./Audio/01-01903-02.mp3
02-13136-02dddd,./Audio/02-13136-02.mp3
01-06134-02dddd,./Audio/01-06134-02.mp3
01-08046-01dddd,./Audio/01-08046-01.mp3
02-13282-02dddd,./Audio/02-13282-02.mp3
02-15830-01dddd,./Audio/02-15830-01.mp3
02-12802-02dddd,./Audio/02-12802-02.mp3
01-07986-01dddd,./Audio/01-07986-01.mp3
01-02424-01dddd,./Audio/01-02424-01.mp3
01-06565-03dddd,./Audio/01-06565-03.mp3
01-06591-03dddd,./Audio/01-06591-03.mp3
01-08310-03dddd,./Audio/01-08310-03.mp3
01-05357-03dddd,./Audio/01-05357-03.mp3
02-13572-01dddd,./Audio/02-13572-01.mp3
01-11818-01dddd,./Audio/01-11818-01.mp3
02-19130-01dddd,./Audio/02-19130-01.mp3
01-10958-02dddd,./Audio/01-10958-02.mp3
01-11079-01dddd,./Audio/01-11079-01.mp3
01-06598-03dddd,./Audio/01-06598-03.mp3
01-00264-02dddd,./Audio/01-00264-02.mp3
01-06236-03dddd,./Audio/01-06236-03.mp3
01-10772-03dddd,./Audio/01-10772-03.mp3
01-03035-03dddd,./Audio/01-03035-03.mp3
01-03355-01dddd,./Audio/01-03355-01.mp3
13-00471-02dddd,./Audio/13-00471-02.mp3
01-05131-03dddd,./Audio/01-05131-03.mp3
01-02291-03dddd,./Audio/01-02291-03.mp3
01-08134-02dddd,./Audio/01-08134-02.mp3
01-00804-03dddd,./Audio/01-00804-03.mp3
01-07665-01dddd,./Audio/01-07665-01.mp3
02-19168-01dddd,./Audio/02-19168-01.mp3
01-04225-02dddd,./Audio/01-04225-02.mp3
01-02182-02dddd,./Audio/01-02182-02.mp3
01-03528-02dddd,./Audio/01-03528-02.mp3
02-15910-01dddd,./Audio/02-15910-01.mp3
01-10305-01dddd,./Audio/01-10305-01.mp3
01-02017-03dddd,./Audio/01-02017-03.mp3
01-10048-03dddd,./Audio/01-10048-03.mp3
02-13022-02dddd,./Audio/02-13022-02.mp3
01-04877-01dddd,./Audio/01-04877-01.mp3
01-10844-02dddd,./Audio/01-10844-02.mp3
02-16574-01dddd,./Audio/02-16574-01.mp3
01-08216-02dddd,./Audio/01-08216-02.mp3
01-02052-03dddd,./Audio/01-02052-03.mp3
01-04468-02dddd,./Audio/01-04468-02.mp3
01-03682-02dddd,./Audio/01-03682-02.mp3
01-09716-01dddd,./Audio/01-09716-01.mp3
01-01769-02dddd,./Audio/01-01769-02.mp3
13-00426-01dddd,./Audio/13-00426-01.mp3
01-05430-01dddd,./Audio/01-05430-01.mp3
01-05071-03dddd,./Audio/01-05071-03.mp3
01-01787-01dddd,./Audio/01-01787-01.mp3
02-15038-01dddd,./Audio/02-15038-01.mp3
01-08416-02dddd,./Audio/01-08416-02.mp3
01-10914-03dddd,./Audio/01-10914-03.mp3
01-05003-02dddd,./Audio/01-05003-02.mp3
01-02952-03dddd,./Audio/01-02952-03.mp3
01-02139-03dddd,./Audio/01-02139-03.mp3
01-00352-03dddd,./Audio/01-00352-03.mp3
01-02607-03dddd,./Audio/01-02607-03.mp3
01-08656-03dddd,./Audio/01-08656-03.mp3
02-12467-02dddd,./Audio/02-12467-02.mp3
01-06755-01dddd,./Audio/01-06755-01.mp3
01-01558-01dddd,./Audio/01-01558-01.mp3
01-08140-01dddd,./Audio/01-08140-01.mp3
02-22641-01dddd,./Audio/02-22641-01.mp3
01-00142-01dddd,./Audio/01-00142-01.mp3
02-12536-02dddd,./Audio/02-12536-02.mp3
01-11715-02dddd,./Audio/01-11715-02.mp3
01-11046-03dddd,./Audio/01-11046-03.mp3
01-02751-01dddd,./Audio/01-02751-01.mp3
01-08680-03dddd,./Audio/01-08680-03.mp3
02-20550-01dddd,./Audio/02-20550-01.mp3
13-00277-04dddd,./Audio/13-00277-04.mp3
01-00262-02dddd,./Audio/01-00262-02.mp3
01-05967-03dddd,./Audio/01-05967-03.mp3
01-08132-03dddd,./Audio/01-08132-03.mp3
01-06170-02dddd,./Audio/01-06170-02.mp3
02-12354-02dddd,./Audio/02-12354-02.mp3
13-00417-03dddd,./Audio/13-00417-03.mp3
01-10827-03dddd,./Audio/01-10827-03.mp3
01-08139-03dddd,./Audio/01-08139-03.mp3
01-01235-03dddd,./Audio/01-01235-03.mp3
01-08831-02dddd,./Audio/01-08831-02.mp3
02-12609-02dddd,./Audio/02-12609-02.mp3
01-00159-02dddd,./Audio/01-00159-02.mp3
02-17573-01dddd,./Audio/02-17573-01.mp3
02-16015-01dddd,./Audio/02-16015-01.mp3
01-10603-01dddd,./Audio/01-10603-01.mp3
02-14024-01dddd,./Audio/02-14024-01.mp3
01-04703-02dddd,./Audio/01-04703-02.mp3
01-09592-02dddd,./Audio/01-09592-02.mp3
01-07649-03dddd,./Audio/01-07649-03.mp3
01-07065-03dddd,./Audio/01-07065-03.mp3
01-08600-01dddd,./Audio/01-08600-01.mp3
02-17935-01dddd,./Audio/02-17935-01.mp3
01-10510-02dddd,./Audio/01-10510-02.mp3
01-01005-03dddd,./Audio/01-01005-03.mp3
01-05359-03dddd,./Audio/01-05359-03.mp3
01-08630-01dddd,./Audio/01-08630-01.mp3
01-08824-01dddd,./Audio/01-08824-01.mp3
01-00802-01dddd,./Audio/01-00802-01.mp3
01-07096-01dddd,./Audio/01-07096-01.mp3
01-04514-02dddd,./Audio/01-04514-02.mp3
01-05651-01dddd,./Audio/01-05651-01.mp3
01-03411-01dddd,./Audio/01-03411-01.mp3
02-21973-01dddd,./Audio/02-21973-01.mp3
01-07957-02dddd,./Audio/01-07957-02.mp3
01-10001-02dddd,./Audio/01-10001-02.mp3
01-10891-03dddd,./Audio/01-10891-03.mp3
01-10237-02dddd,./Audio/01-10237-02.mp3
01-05500-03dddd,./Audio/01-05500-03.mp3
02-15876-01dddd,./Audio/02-15876-01.mp3
02-12618-02dddd,./Audio/02-12618-02.mp3
02-12732-01dddd,./Audio/02-12732-01.mp3
02-18652-01dddd,./Audio/02-18652-01.mp3
01-02945-02dddd,./Audio/01-02945-02.mp3
02-18111-01dddd,./Audio/02-18111-01.mp3
01-07706-02dddd,./Audio/01-07706-02.mp3
01-03501-02dddd,./Audio/01-03501-02.mp3
01-09841-03dddd,./Audio/01-09841-03.mp3
01-01992-01dddd,./Audio/01-01992-01.mp3
02-18071-01dddd,./Audio/02-18071-01.mp3
01-08119-03dddd,./Audio/01-08119-03.mp3
01-04827-03dddd,./Audio/01-04827-03.mp3
01-09100-01dddd,./Audio/01-09100-01.mp3
01-01074-02dddd,./Audio/01-01074-02.mp3
13-00286-04dddd,./Audio/13-00286-04.mp3
01-07662-03dddd,./Audio/01-07662-03.mp3
01-05501-03dddd,./Audio/01-05501-03.mp3
01-11183-02dddd,./Audio/01-11183-02.mp3
02-12706-01dddd,./Audio/02-12706-01.mp3
01-07643-02dddd,./Audio/01-07643-02.mp3
13-00089-02dddd,./Audio/13-00089-02.mp3
01-11096-01dddd,./Audio/01-11096-01.mp3
01-06892-01dddd,./Audio/01-06892-01.mp3
02-12848-02dddd,./Audio/02-12848-02.mp3
02-21292-01dddd,./Audio/02-21292-01.mp3
01-01826-03dddd,./Audio/01-01826-03.mp3
01-02217-01dddd,./Audio/01-02217-01.mp3
13-00293-06dddd,./Audio/13-00293-06.mp3
02-18854-01dddd,./Audio/02-18854-01.mp3
01-07355-02dddd,./Audio/01-07355-02.mp3
01-03378-02dddd,./Audio/01-03378-02.mp3
02-12419-02dddd,./Audio/02-12419-02.mp3
02-12750-02dddd,./Audio/02-12750-02.mp3
02-12791-02dddd,./Audio/02-12791-02.mp3
01-09295-02dddd,./Audio/01-09295-02.mp3
01-04454-01dddd,./Audio/01-04454-01.mp3
02-19520-01dddd,./Audio/02-19520-01.mp3
01-06852-03dddd,./Audio/01-06852-03.mp3
01-11453-01dddd,./Audio/01-11453-01.mp3
01-10083-01dddd,./Audio/01-10083-01.mp3
02-15302-01dddd,./Audio/02-15302-01.mp3
01-09286-02dddd,./Audio/01-09286-02.mp3
01-11375-01dddd,./Audio/01-11375-01.mp3
01-04673-03dddd,./Audio/01-04673-03.mp3
01-08049-03dddd,./Audio/01-08049-03.mp3
01-08849-02dddd,./Audio/01-08849-02.mp3
02-16594-01dddd,./Audio/02-16594-01.mp3
01-11494-02dddd,./Audio/01-11494-02.mp3
02-12495-01dddd,./Audio/02-12495-01.mp3
02-19301-01dddd,./Audio/02-19301-01.mp3
01-01556-01dddd,./Audio/01-01556-01.mp3
01-10232-01dddd,./Audio/01-10232-01.mp3
02-19101-01dddd,./Audio/02-19101-01.mp3
01-01534-01dddd,./Audio/01-01534-01.mp3
13-00155-06dddd,./Audio/13-00155-06.mp3
01-11769-01dddd,./Audio/01-11769-01.mp3
02-13646-02dddd,./Audio/02-13646-02.mp3
02-12425-01dddd,./Audio/02-12425-01.mp3
02-19791-01dddd,./Audio/02-19791-01.mp3
01-02960-03dddd,./Audio/01-02960-03.mp3
01-04203-01dddd,./Audio/01-04203-01.mp3
01-01715-03dddd,./Audio/01-01715-03.mp3
01-07303-01dddd,./Audio/01-07303-01.mp3
01-03304-01dddd,./Audio/01-03304-01.mp3
02-13280-02dddd,./Audio/02-13280-02.mp3
01-08935-01dddd,./Audio/01-08935-01.mp3
01-08095-03dddd,./Audio/01-08095-03.mp3
02-20293-01dddd,./Audio/02-20293-01.mp3
02-18252-01dddd,./Audio/02-18252-01.mp3
02-19136-01dddd,./Audio/02-19136-01.mp3
02-15860-01dddd,./Audio/02-15860-01.mp3
01-02202-01dddd,./Audio/01-02202-01.mp3
01-00173-03dddd,./Audio/01-00173-03.mp3
02-13827-01dddd,./Audio/02-13827-01.mp3
01-10402-03dddd,./Audio/01-10402-03.mp3
02-12474-02dddd,./Audio/02-12474-02.mp3
01-07432-03dddd,./Audio/01-07432-03.mp3
01-07907-02dddd,./Audio/01-07907-02.mp3
01-04084-02dddd,./Audio/01-04084-02.mp3
01-10667-03dddd,./Audio/01-10667-03.mp3
01-01714-01dddd,./Audio/01-01714-01.mp3
02-18435-01dddd,./Audio/02-18435-01.mp3
01-06997-02dddd,./Audio/01-06997-02.mp3
01-00321-01dddd,./Audio/01-00321-01.mp3
01-11573-03dddd,./Audio/01-11573-03.mp3
01-04324-03dddd,./Audio/01-04324-03.mp3
02-13984-01dddd,./Audio/02-13984-01.mp3
01-05888-01dddd,./Audio/01-05888-01.mp3
01-03176-02dddd,./Audio/01-03176-02.mp3
01-00990-03dddd,./Audio/01-00990-03.mp3
02-15816-01dddd,./Audio/02-15816-01.mp3
01-07925-02dddd,./Audio/01-07925-02.mp3
01-04281-03dddd,./Audio/01-04281-03.mp3
01-07184-02dddd,./Audio/01-07184-02.mp3
01-02163-02dddd,./Audio/01-02163-02.mp3
02-17346-01dddd,./Audio/02-17346-01.mp3
01-11716-01dddd,./Audio/01-11716-01.mp3
01-01782-01dddd,./Audio/01-01782-01.mp3
02-14246-01dddd,./Audio/02-14246-01.mp3
01-02757-02dddd,./Audio/01-02757-02.mp3
01-01583-01dddd,./Audio/01-01583-01.mp3
02-21365-01dddd,./Audio/02-21365-01.mp3
01-10120-03dddd,./Audio/01-10120-03.mp3
02-18412-01dddd,./Audio/02-18412-01.mp3
01-10095-03dddd,./Audio/01-10095-03.mp3
01-05821-02dddd,./Audio/01-05821-02.mp3
02-12573-01dddd,./Audio/02-12573-01.mp3
01-11691-01dddd,./Audio/01-11691-01.mp3
02-12256-01dddd,./Audio/02-12256-01.mp3
01-01599-03dddd,./Audio/01-01599-03.mp3
01-10825-02dddd,./Audio/01-10825-02.mp3
01-08015-03dddd,./Audio/01-08015-03.mp3
01-08630-03dddd,./Audio/01-08630-03.mp3
13-00159-01dddd,./Audio/13-00159-01.mp3
01-01817-02dddd,./Audio/01-01817-02.mp3
02-12667-02dddd,./Audio/02-12667-02.mp3
01-08754-01dddd,./Audio/01-08754-01.mp3
01-02425-01dddd,./Audio/01-02425-01.mp3
02-14505-01dddd,./Audio/02-14505-01.mp3
01-04113-03dddd,./Audio/01-04113-03.mp3
02-22546-01dddd,./Audio/02-22546-01.mp3
01-11572-03dddd,./Audio/01-11572-03.mp3
01-10735-01dddd,./Audio/01-10735-01.mp3
02-17467-01dddd,./Audio/02-17467-01.mp3
01-04493-02dddd,./Audio/01-04493-02.mp3
01-09682-02dddd,./Audio/01-09682-02.mp3
01-09833-03dddd,./Audio/01-09833-03.mp3
01-01226-03dddd,./Audio/01-01226-03.mp3
01-05542-01dddd,./Audio/01-05542-01.mp3
01-11706-02dddd,./Audio/01-11706-02.mp3
01-08033-03dddd,./Audio/01-08033-03.mp3
02-16743-01dddd,./Audio/02-16743-01.mp3
01-09487-01dddd,./Audio/01-09487-01.mp3
02-13443-01dddd,./Audio/02-13443-01.mp3
13-00129-04dddd,./Audio/13-00129-04.mp3
02-12355-02dddd,./Audio/02-12355-02.mp3
01-01697-03dddd,./Audio/01-01697-03.mp3
02-16251-01dddd,./Audio/02-16251-01.mp3
01-11972-02dddd,./Audio/01-11972-02.mp3
01-09144-01dddd,./Audio/01-09144-01.mp3
01-01670-02dddd,./Audio/01-01670-02.mp3
01-07686-01dddd,./Audio/01-07686-01.mp3
01-09945-03dddd,./Audio/01-09945-03.mp3
01-11177-02dddd,./Audio/01-11177-02.mp3
01-04608-03dddd,./Audio/01-04608-03.mp3
01-07453-01dddd,./Audio/01-07453-01.mp3
02-18079-01dddd,./Audio/02-18079-01.mp3
01-02196-02dddd,./Audio/01-02196-02.mp3
01-07092-02dddd,./Audio/01-07092-02.mp3
01-00755-01dddd,./Audio/01-00755-01.mp3
02-17067-01dddd,./Audio/02-17067-01.mp3
02-12363-02dddd,./Audio/02-12363-02.mp3
01-08047-01dddd,./Audio/01-08047-01.mp3
01-03287-02dddd,./Audio/01-03287-02.mp3
01-00984-01dddd,./Audio/01-00984-01.mp3
01-00900-02dddd,./Audio/01-00900-02.mp3
01-11441-03dddd,./Audio/01-11441-03.mp3
01-10333-01dddd,./Audio/01-10333-01.mp3
01-10424-03dddd,./Audio/01-10424-03.mp3
01-11351-03dddd,./Audio/01-11351-03.mp3
02-15146-01dddd,./Audio/02-15146-01.mp3
02-12270-01dddd,./Audio/02-12270-01.mp3
01-04132-03dddd,./Audio/01-04132-03.mp3
01-02492-02dddd,./Audio/01-02492-02.mp3
01-04510-03dddd,./Audio/01-04510-03.mp3
02-16286-01dddd,./Audio/02-16286-01.mp3
01-08248-03dddd,./Audio/01-08248-03.mp3
02-18769-01dddd,./Audio/02-18769-01.mp3
